fold,origin,h,n,wape_model,wape_naive,bias_model,bias_naive
1,2025-05-18,1,50,0.06128207263255447,0.08275986961245925,0.0038022624216333665,-0.01466859833393698
1,2025-05-18,2,50,0.06893201207762598,0.08472222222222223,-0.014904478078596258,0.03333333333333333
1,2025-05-18,3,50,0.07698580321675595,0.09324872201656971,0.02186106319862348,-0.022386744227040366
1,2025-05-18,4,50,0.08874187530696032,0.11260534337457415,0.039981976855166794,0.019006634391249777
1,2025-05-18,5,50,0.08801118193192364,0.10684382963232618,0.04473273610055158,0.018383691299599565
1,2025-05-18,6,50,0.08611083106247368,0.10169794459338695,0.012624134346068967,-0.0037533512064343165
1,2025-05-18,7,50,0.06943177153713251,0.10069225928256766,0.00748847207375011,0.005034612964128383
1,2025-05-18,8,50,0.10052574876262234,0.1246601129470822,-0.0031045360795498816,-0.006693160426688978
2,2025-06-15,1,50,0.07820281403112067,0.10684382963232618,0.017387520292656833,0.018383691299599565
2,2025-06-15,2,50,0.08766201797249967,0.10169794459338695,-0.01127622730363821,-0.0037533512064343165
2,2025-06-15,3,50,0.07094716105944186,0.10069225928256766,0.003608898122654358,0.005034612964128383
2,2025-06-15,4,50,0.10216221241660477,0.1246601129470822,-0.009549836955913644,-0.006693160426688978
2,2025-06-15,5,50,0.07614109457334277,0.10843125128839415,-0.026158734797574575,-0.021026592455163882
2,2025-06-15,6,50,0.08889857679233976,0.11381592995942771,0.013986291995206646,0.0369421311125347
2,2025-06-15,7,50,0.09373305970682286,0.12176960140166447,-0.002490890093395635,0.0008760402978537013
2,2025-06-15,8,50,0.08132667056207167,0.1008364312267658,0.02956006622700061,0.014405204460966542
3,2025-07-13,1,50,0.07362797922319975,0.10843125128839415,-0.021958368164487242,-0.021026592455163882
3,2025-07-13,2,50,0.0985268228050186,0.11381592995942771,0.018717876248971973,0.0369421311125347
3,2025-07-13,3,50,0.10311141722450684,0.12176960140166447,0.0077954687103024625,0.0008760402978537013
3,2025-07-13,4,50,0.08163376880485032,0.1008364312267658,0.03419973921009455,0.014405204460966542
3,2025-07-13,5,50,0.09571260604464138,0.1224764468371467,-0.0044659872343402966,-0.013458950201884253
3,2025-07-13,6,50,0.08150961442682339,0.12250580046403713,0.018827795846080412,-0.004176334106728539
3,2025-07-13,7,50,0.10443911473154813,0.11209439528023599,-0.002580043204926301,0.012253233492171545
3,2025-07-13,8,50,0.11316436937056079,0.13407049067035245,0.025241857175375425,0.0027643400138217
4,2025-08-10,1,50,0.0980267634734349,0.1224764468371467,-0.03740280604805936,-0.013458950201884253
4,2025-08-10,2,50,0.07900943063354186,0.12250580046403713,-0.00890676953349451,-0.004176334106728539
4,2025-08-10,3,50,0.10305116853889178,0.11209439528023599,-0.03484033862624873,0.012253233492171545
4,2025-08-10,4,50,0.10106923924809656,0.13407049067035245,-0.004383300942717477,0.0027643400138217
4,2025-08-10,5,50,0.09573206661239944,0.120817843866171,0.001016997379905289,0.017657992565055763
4,2025-08-10,6,50,0.08530490812299191,0.10750228728270814,-0.020116108596255854,-0.017840805123513267
4,2025-08-10,7,50,0.0759604878043364,0.12110006933210077,-0.000527230940905463,0.02264848624913335
4,2025-08-10,8,50,0.09872670498256715,0.13118556701030928,6.104620188032196e-05,-0.016237113402061857
5,2025-09-07,1,50,0.09165180077118715,0.120817843866171,0.0024591305198792867,0.017657992565055763
5,2025-09-07,2,50,0.08505809519849045,0.10750228728270814,-0.013747236015318272,-0.017840805123513267
5,2025-09-07,3,50,0.08683557451398079,0.12110006933210077,0.0017533034911097918,0.02264848624913335
5,2025-09-07,4,50,0.0940903969762369,0.13118556701030928,0.008014816550149694,-0.016237113402061857
5,2025-09-07,5,50,0.08246014713193495,0.1038560411311054,0.009413758242164887,-0.0010282776349614395
5,2025-09-07,6,50,0.10034044967548979,0.11394643759474482,-0.00015260411919541654,-0.006316321374431531
5,2025-09-07,7,50,0.09856924273087697,0.11370186009955463,0.05360713561344444,0.030914330626146187
5,2025-09-07,8,50,0.08157883046368382,0.09845158308296742,-0.023865991826701724,-0.009244280101687081
6,2025-10-05,1,50,0.08467476638015986,0.1038560411311054,0.0031844185256483686,-0.0010282776349614395
6,2025-10-05,2,50,0.10404577761875265,0.11394643759474482,-0.01218665941208536,-0.006316321374431531
6,2025-10-05,3,50,0.08915081727646819,0.11370186009955463,0.0461619421964357,0.030914330626146187
6,2025-10-05,4,50,0.08284669141881398,0.09845158308296742,-0.022340528621777926,-0.009244280101687081
6,2025-10-05,5,50,0.08488368770756066,0.10350467289719627,0.004977600082960925,-0.00023364485981308412
6,2025-10-05,6,50,0.07542684220923998,0.10827137546468402,0.009429505352792019,0.02973977695167286
6,2025-10-05,7,50,0.07806534772452492,0.10516431924882629,0.011315761462054938,0.02629107981220657
6,2025-10-05,8,50,0.09860122854614801,0.13568425969173284,-0.025954820509018373,-0.050210182157870153
