feature,gain,share
sku_id,2781543.134837389,0.5201502869384447
mean4,1436038.865168035,0.2685401561516965
mean8,652553.8765695095,0.12202797860270029
mean13,160179.158908844,0.029953601806309835
week_of_year,119273.89997202158,0.022304293080229833
lag52_mean3,57946.00049161911,0.010835937938605069
season,56180.34217727184,0.010505758741547003
lag52_target,24359.723230183125,0.004555283313505612
weeks_since_launch,18498.64671343565,0.003459258379082798
month,16488.556746721268,0.003083370311821278
promo_days_target,8061.872796833515,0.0015075752002599602
lag1,5582.3426985144615,0.0010439015379823612
unit_price,4187.977849602699,0.0007831544486510522
trend4_13,1547.5218825936317,0.00028938754937613334
level_ratio_52,1157.5007691383362,0.0002164533598843412
holiday_days_target,1137.2288221120834,0.00021266249324975898
lag13,652.7998849153519,0.000122073982315559
h,460.44784712791443,8.610403225610062e-05
lag8,408.4274090528488,7.63761781550745e-05
category,333.67378056049347,6.239720338276285e-05
std4,326.2268187403679,6.1004616915544745e-05
lag2,254.21958816051483,4.753922025185327e-05
lag3,202.02684879302979,3.7779145702555325e-05
lag4,201.42055118083954,3.766576767400669e-05
