sku_id,category,week_end,h,forecast,lo80,hi80,sigma,naive,actual,promo_days_target,unit_price
SKU001,Furniture,2025-12-07,1,89.36956947307387,76.54820560362506,104.83915068893045,12.183894667176045,83,88.0,0.0,3664.05
SKU001,Furniture,2025-12-14,2,90.96149597622119,76.87349146678275,106.21589004814659,13.000855757895659,94,89.0,0.0,3664.05
SKU001,Furniture,2025-12-21,3,88.07926759132926,74.09198516073756,101.21647538639981,11.486330032530361,77,91.0,0.0,3664.05
SKU001,Furniture,2025-12-28,4,94.0601899372951,78.25682428019427,109.45119960626529,13.363781606613133,105,76.0,0.0,3664.05
SKU001,Furniture,2026-01-04,5,92.70554752426123,78.61843636038428,106.07401009490245,12.054893967938948,78,,0.0,3664.05
SKU001,Furniture,2026-01-11,6,93.29918717705813,78.02417151816825,106.75144050529458,12.776114530548938,100,,0.0,3664.05
SKU001,Furniture,2026-01-18,7,97.3966376702527,81.43134448521752,112.38546312077109,13.423628861144643,89,,0.0,3664.05
SKU001,Furniture,2026-01-25,8,95.69625863154026,79.16978441404271,113.29616151813126,14.681398047572811,103,,0.0,3664.05
SKU002,Home Decor,2025-12-07,1,62.33823963833165,53.394912976958885,73.12878575626108,8.498670744066274,66,51.0,0.0,3805.69
SKU002,Home Decor,2025-12-14,2,62.966900553506356,53.21466451755708,73.52655444026763,8.999671595461644,57,55.0,0.0,3805.69
SKU002,Home Decor,2025-12-21,3,62.24330469926528,52.358859630063726,71.52702435370341,8.117087705682627,59,55.0,0.0,3805.69
SKU002,Home Decor,2025-12-28,4,65.20766480512847,54.2519079514788,75.87755394925793,9.264503847099396,65,51.0,0.0,3805.69
SKU002,Home Decor,2026-01-04,5,73.25431917943946,62.122927746312705,83.81784693199232,9.525568576903094,70,,0.0,3805.69
SKU002,Home Decor,2026-01-11,6,70.36587902419338,58.84552245445893,80.51151543259125,9.635695193675884,63,,0.0,3805.69
SKU002,Home Decor,2026-01-18,7,72.0605969457686,60.24839700902245,83.15034023995804,9.931705365307206,67,,0.0,3805.69
SKU002,Home Decor,2026-01-25,8,72.11665439251189,59.66231138565565,85.37993272715441,11.063894494269697,66,,0.0,3805.69
SKU003,Kitchen,2025-12-07,1,33.33765201089004,28.554881214243597,39.108290924886475,4.544974793394663,38,38.0,0.0,8078.23
SKU003,Kitchen,2025-12-14,2,34.808837926008884,29.417687962972657,40.64633790564786,4.975123552215016,23,33.0,0.0,8078.23
SKU003,Kitchen,2025-12-21,3,36.54618375833888,30.74252748408404,41.99712384083105,4.7659516201416,48,23.0,0.0,8078.23
SKU003,Kitchen,2025-12-28,4,37.27932970747555,31.015905412759516,43.37932296033824,5.296532156523889,30,34.0,0.0,8078.23
SKU003,Kitchen,2026-01-04,5,34.34688238138905,29.127687164267765,39.29982234880202,4.466270210297374,32,,0.0,8078.23
SKU003,Kitchen,2026-01-11,6,37.6189054537465,31.459908925879912,43.04295105807103,5.151421562535762,34,,0.0,8078.23
SKU003,Kitchen,2026-01-18,7,34.80458995678671,29.099408585677175,40.160831570643516,4.796920195807975,41,,0.0,8078.23
SKU003,Kitchen,2026-01-25,8,36.413059598405624,30.124626808673618,43.10993909923459,5.586369098843632,23,,0.0,8078.23
SKU004,Lighting,2025-12-07,1,27.924243909369157,23.918105197364603,32.75783952356225,3.806956310277321,30,28.0,0.0,6861.57
SKU004,Lighting,2025-12-14,2,28.163202869346243,23.801320682104073,32.88621880357071,4.02528272270764,33,39.0,0.0,6861.57
SKU004,Lighting,2025-12-21,3,25.926408294762727,21.80920790076921,29.793386557212177,3.3810372222156566,27,38.0,0.0,6861.57
SKU004,Lighting,2025-12-28,4,26.902638478040103,22.38263662292281,31.304700277111056,3.822243879178518,28,30.0,0.0,6861.57
SKU004,Lighting,2026-01-04,5,29.59431810315954,25.097300825641803,33.8619217626083,3.8482742005669133,37,,0.0,6861.57
SKU004,Lighting,2026-01-11,6,30.894460353875605,25.836395220008672,35.34894832632481,4.2305959546202345,35,,0.0,6861.57
SKU004,Lighting,2026-01-18,7,31.924831720953744,26.691701394283246,36.837893831194314,4.400019371587294,24,,0.0,6861.57
SKU004,Lighting,2026-01-25,8,30.413455903791466,25.161137766733713,36.00692296307656,4.665930084529983,38,,0.0,6861.57
SKU005,Storage,2025-12-07,1,101.81194048090964,87.20553762077613,119.4352555679082,13.880182773555147,95,96.0,0.0,9493.22
SKU005,Storage,2025-12-14,2,105.99562234529459,89.5791508530974,123.7712643991235,15.149638671727622,107,103.0,0.0,9493.22
SKU005,Storage,2025-12-21,3,106.17262208787831,89.31205441796929,122.00849171599116,13.845866468587063,110,100.0,0.0,9493.22
SKU005,Storage,2025-12-28,4,108.43700574776057,90.21814340296392,126.18048473765589,15.406395243877155,106,108.0,0.0,9493.22
SKU005,Storage,2026-01-04,5,109.11765412022395,92.53663427207738,124.85279957654774,14.189029519568857,111,,0.0,9493.22
SKU005,Storage,2026-01-11,6,109.41310629949368,91.49990723977548,125.18872951662686,14.982706918685654,97,,0.0,9493.22
SKU005,Storage,2026-01-18,7,112.71594031826776,94.23950132762592,130.06232511485064,15.535001882610988,133,,0.0,9493.22
SKU005,Storage,2026-01-25,8,111.51774293911382,92.25894296269178,132.02744179178495,17.108676941696235,110,,0.0,9493.22
SKU006,Furniture,2025-12-07,1,40.22085365327227,34.45058752276547,47.1829523388639,5.483372553148733,44,37.0,0.0,8106.04
SKU006,Furniture,2025-12-14,2,40.5561322904774,34.27484845206088,47.35746308822295,5.7965672216348185,34,41.0,0.0,8106.04
SKU006,Furniture,2025-12-21,3,41.10936465009826,34.58105998059268,47.24091274876607,5.361031519807389,44,41.0,0.0,8106.04
SKU006,Furniture,2025-12-28,4,45.60803048300684,37.94527344303434,53.07084380088979,6.479848268316023,48,43.0,0.0,8106.04
SKU006,Furniture,2026-01-04,5,46.45495477942198,39.39587223725446,53.15392092302852,6.040734013299204,45,,0.0,8106.04
SKU006,Furniture,2026-01-11,6,46.21177666199204,38.64594856107344,52.8747771147748,6.328103911273273,50,,0.0,8106.04
SKU006,Furniture,2026-01-18,7,47.12383857899969,39.399281377495946,54.37594715188897,6.494812703274506,46,,0.0,8106.04
SKU006,Furniture,2026-01-25,8,46.10242229277615,38.1406638679318,54.581313388337136,7.072878525414582,51,,0.0,8106.04
SKU007,Home Decor,2025-12-07,1,157.51325745981117,134.91569097200488,184.77828898245735,21.47403136089106,148,145.0,0.0,5114.090000000001
SKU007,Home Decor,2025-12-14,2,158.99508889779523,134.3701252763058,185.65882958849156,22.72469460610454,137,154.0,0.0,5114.090000000001
SKU007,Home Decor,2025-12-21,3,161.58834907364124,135.92757852235934,185.6895907970885,21.072576528262136,167,149.0,0.0,5114.090000000001
SKU007,Home Decor,2025-12-28,4,161.1622988364731,134.08488446648693,187.53318434413796,22.897442226154656,147,161.0,0.0,5114.090000000001
SKU007,Home Decor,2026-01-04,5,171.37474493120814,145.3334221948833,196.08757953872154,22.284582035262186,175,,0.0,5114.090000000001
SKU007,Home Decor,2026-01-11,6,171.10198232139098,143.08903238789983,195.77215663687275,23.430199004773144,171,,0.0,5114.090000000001
SKU007,Home Decor,2026-01-18,7,165.8014337843017,138.6232008988142,191.3173941899617,22.851475831243036,156,,0.0,5114.090000000001
SKU007,Home Decor,2026-01-25,8,172.73638801697558,142.90530053446747,204.50506630757363,26.50063551117105,179,,0.0,5114.090000000001
SKU008,Kitchen,2025-12-07,1,100.12337194487571,85.75921878725997,117.45440132141678,13.649977556022533,109,97.0,0.0,9842.64
SKU008,Kitchen,2025-12-14,2,96.55628047348553,81.60176262913667,112.7489292052846,13.80050164613456,104,112.0,0.0,9842.64
SKU008,Kitchen,2025-12-21,3,94.95715202609433,79.87763853199752,109.12021073342753,12.383268128222387,82,100.0,0.0,9842.64
SKU008,Kitchen,2025-12-28,4,96.88290530784043,80.6052858439337,112.73579411600623,13.764824298263502,97,105.0,0.0,9842.64
SKU008,Kitchen,2026-01-04,5,107.01482773715736,90.75334377232824,122.44673831115412,13.915590121843296,103,,0.0,9842.64
SKU008,Kitchen,2026-01-11,6,108.99950883768143,91.15402427684381,124.71549790364398,14.926070106495324,105,,0.0,9842.64
SKU008,Kitchen,2026-01-18,7,108.96826370049733,91.1061452592771,125.73790096233542,15.018480766359918,111,,0.0,9842.64
SKU008,Kitchen,2026-01-25,8,109.44845584855871,90.54701592194105,129.57758337734484,16.79121387798216,106,,0.0,9842.64
SKU009,Lighting,2025-12-07,1,62.143204926484444,53.22785882966525,72.89999117142108,8.472081353520924,55,77.0,0.0,2336.89
SKU009,Lighting,2025-12-14,2,72.82063211459501,61.542262265898174,85.03277316307918,10.408036105388206,71,82.0,0.0,2336.89
SKU009,Lighting,2025-12-21,3,72.80439097734127,61.24281006692574,83.6633188365126,9.49434850506682,76,69.0,0.0,2336.89
SKU009,Lighting,2025-12-28,4,72.10203686470284,59.98793360854019,83.90004776896403,10.24403495989333,68,77.0,0.0,2336.89
SKU009,Lighting,2026-01-04,5,62.538668538342286,53.035578386052045,71.55696217771452,8.132167257072716,66,,0.0,2336.89
SKU009,Lighting,2026-01-11,6,65.7888611679814,55.01785752982156,75.27456467071762,9.008931916217119,55,,0.0,2336.89
SKU009,Lighting,2026-01-18,7,70.03531198918859,58.55509751814725,80.81337468096838,9.652571770498389,70,,0.0,2336.89
SKU009,Lighting,2026-01-25,8,73.22118805878513,60.57609520006366,86.68760584254893,11.233348333358007,71,,0.0,2336.89
SKU010,Storage,2025-12-07,1,104.69188903107472,89.67231568679689,122.81371382620934,14.272810711554442,99,126.0,0.0,663.46
SKU010,Storage,2025-12-14,2,106.67719743266382,90.1551644300569,124.5671407615625,15.247054169394668,106,108.0,0.0,663.46
SKU010,Storage,2025-12-21,3,106.44661291954392,89.54253458871887,122.32334885578999,13.881597341520758,109,102.0,0.0,663.46
SKU010,Storage,2025-12-28,4,110.16213266763765,91.6534260057298,128.18789308947277,15.651495954563531,109,102.0,0.0,663.46
SKU010,Storage,2026-01-04,5,110.15365836260516,93.41521204626527,126.0381992360012,14.323745527680153,116,,0.0,663.46
SKU010,Storage,2026-01-11,6,111.57651613272125,93.3091219285541,127.66406851033196,15.27895785765019,118,,0.0,663.46
SKU010,Storage,2026-01-18,7,113.77459725826323,95.12462282703851,131.28390373741277,15.680910593565542,113,,0.0,663.46
SKU010,Storage,2026-01-25,8,112.55975363516876,93.12100134766408,133.26109307358075,17.26853871704018,118,,0.0,663.46
SKU011,Furniture,2025-12-07,1,15.148621657350626,12.975331671344557,17.770798696116316,2.065235535029299,25,17.0,0.0,1444.56
SKU011,Furniture,2025-12-14,2,17.026642249794698,14.38957686051824,19.882038456866322,2.433567275418824,15,23.0,0.0,1444.56
SKU011,Furniture,2025-12-21,3,15.951856052290681,13.418647931955471,18.331108893587313,2.080265745375761,20,18.0,0.0,1444.56
SKU011,Furniture,2025-12-28,4,16.432554887622675,13.6716666335951,19.121403499664474,2.334686703304224,17,22.0,0.0,1444.56
SKU011,Furniture,2026-01-04,5,17.117573470111928,14.516465264950941,19.585987134089326,2.2258703894349114,17,,0.0,1444.56
SKU011,Furniture,2026-01-11,6,18.716503023111375,15.652222557139787,21.415123961874592,2.562982523961752,21,,0.0,1444.56
SKU011,Furniture,2026-01-18,7,20.39585880752963,17.052562022221338,23.534673194680195,2.8110461047281814,19,,0.0,1444.56
SKU011,Furniture,2026-01-25,8,19.460524832119702,16.099747028513935,23.039592102514685,2.9855682485465405,24,,0.0,1444.56
SKU012,Home Decor,2025-12-07,1,162.5710143369295,139.24783910257688,190.7115270915202,22.163563350429865,147,167.0,0.0,8779.37
SKU012,Home Decor,2025-12-14,2,165.84727193024764,140.16105063676562,193.66013510522365,23.70405672274015,184,155.0,0.0,8779.37
SKU012,Home Decor,2025-12-21,3,163.924847087889,137.89303283338927,188.37458239859407,21.377276919692772,161,171.0,0.0,8779.37
SKU012,Home Decor,2025-12-28,4,166.74492669113178,138.72955642956703,194.02929408041516,23.69060476910071,161,150.0,0.0,8779.37
SKU012,Home Decor,2026-01-04,5,171.88578869371273,145.76681008366444,196.67231759022448,22.35103521454315,161,,0.0,8779.37
SKU012,Home Decor,2026-01-11,6,178.4863609911296,149.26443482510848,204.2212448238383,24.44139396237211,180,,0.0,8779.37
SKU012,Home Decor,2026-01-18,7,181.6531396582575,151.87648923173052,209.6085934398808,25.036226984444287,194,,0.0,8779.37
SKU012,Home Decor,2026-01-25,8,180.64657180908677,149.44941787460445,213.87004539207214,27.714189296262994,191,,0.0,8779.37
SKU013,Kitchen,2025-12-07,1,84.75809207046527,72.59831166956387,99.42944157696765,11.55520466380332,95,78.0,0.0,5757.78
SKU013,Kitchen,2025-12-14,2,86.45861843164408,73.06801405258646,100.95787245463538,12.357272878961721,94,107.0,0.0,5757.78
SKU013,Kitchen,2025-12-21,3,85.44305330598097,71.87441052538969,98.18706420232569,11.142543939093743,84,96.0,0.0,5757.78
SKU013,Kitchen,2025-12-28,4,86.35947790956835,71.84993451750152,100.49042491700544,12.26968819873713,83,71.0,0.0,5757.78
SKU013,Kitchen,2026-01-04,5,86.01578712040805,72.94522136277142,98.41956296027877,11.184996162543195,82,,0.0,5757.78
SKU013,Kitchen,2026-01-11,6,87.5107562254528,73.1834269945098,100.12841021911812,11.983463929536317,93,,0.0,5757.78
SKU013,Kitchen,2026-01-18,7,86.04028178075072,71.93652669011401,99.28142435172242,11.858446424438116,98,,0.0,5757.78
SKU013,Kitchen,2026-01-25,8,86.18130411447665,71.29803573130924,102.03127155045163,13.22164573680148,87,,0.0,5757.78
SKU014,Lighting,2025-12-07,1,132.92449030083569,113.85453989874145,155.93328636429501,18.12180586817525,128,124.0,0.0,2270.75
SKU014,Lighting,2025-12-14,2,133.54513417596138,112.86182820904622,155.9408751567475,19.087208361704683,135,137.0,0.0,2270.75
SKU014,Lighting,2025-12-21,3,134.93403451368184,113.50605830707823,155.0597292260657,17.59661377108871,141,116.0,0.0,2270.75
SKU014,Lighting,2025-12-28,4,138.27783188795053,115.0453129970872,160.90414647449836,19.646087761660294,135,122.0,0.0,2270.75
SKU014,Lighting,2026-01-04,5,133.6601662140652,113.34977843336577,152.9344273228818,17.38039604400138,131,,0.0,2270.75
SKU014,Lighting,2026-01-11,6,136.28398080112981,113.97146121998391,155.9339551448304,18.662324936336805,131,,0.0,2270.75
SKU014,Lighting,2026-01-18,7,138.68619432049496,115.95270160445511,160.02926332975986,19.114335415004888,144,,0.0,2270.75
SKU014,Lighting,2026-01-25,8,145.37467239393138,120.2688761010383,172.11114206255746,22.302893153519403,181,,0.0,2270.75
SKU015,Storage,2025-12-07,1,19.453786306694155,16.66285786933858,22.82117331551257,2.652165436579907,29,22.0,0.0,6212.12
SKU015,Storage,2025-12-14,2,23.712174107235423,20.039661774779393,27.688745119528726,3.3891104358581026,21,31.0,0.0,6212.12
SKU015,Storage,2025-12-21,3,21.772145725537275,18.314656128824637,25.01950699865823,2.8392839559043406,26,21.0,0.0,6212.12
SKU015,Storage,2025-12-28,4,23.798974532831373,19.800429589884807,27.69318575429041,3.3812848807782485,32,27.0,0.0,6212.12
SKU015,Storage,2026-01-04,5,23.557259161470576,19.977605760070322,26.954297912410457,3.0632499235546606,31,,0.0,6212.12
SKU015,Storage,2026-01-11,6,25.62968648013894,21.433574229197195,29.32507810879061,3.5096534038491045,25,,0.0,6212.12
SKU015,Storage,2026-01-18,7,24.964016851285628,20.871905895091263,28.80584650863533,3.4406495451061034,27,,0.0,6212.12
SKU015,Storage,2026-01-25,8,25.31995576812674,20.947270752286325,29.976655716320288,3.884502429819003,32,,0.0,6212.12
SKU016,Furniture,2025-12-07,1,81.3049484099658,69.64057166408686,95.378570002805,11.08443213039833,83,77.0,0.0,2166.82
SKU016,Furniture,2025-12-14,2,79.44386008990071,67.13969284658387,92.76672747901065,11.354674357480263,71,78.0,0.0,2166.82
SKU016,Furniture,2025-12-21,3,79.2066500672352,66.62836898965134,91.02048831930466,10.329260770703423,82,74.0,0.0,2166.82
SKU016,Furniture,2025-12-28,4,81.31129287753183,67.64991185914465,94.61620854598671,11.552457643250444,75,104.0,0.0,2166.82
SKU016,Furniture,2026-01-04,5,89.47437472651266,75.8782578084727,102.37689093515574,11.634730919349499,92,,0.0,2166.82
SKU016,Furniture,2026-01-11,6,90.4790408181429,75.66574171966678,103.52467406328222,12.389932035667876,97,,0.0,2166.82
SKU016,Furniture,2026-01-18,7,87.83069578427848,73.43345536219029,101.34737356493471,12.105209081405002,76,,0.0,2166.82
SKU016,Furniture,2026-01-25,8,89.32081193873583,73.89535940066824,105.74817951144347,13.703298464928375,100,,0.0,2166.82
SKU017,Home Decor,2025-12-07,1,81.81184627859486,70.07474766489604,95.97321024048804,11.153538318050417,81,105.0,0.0,8477.32
SKU017,Home Decor,2025-12-14,2,82.55048123133302,69.76516433035162,96.39433414970439,11.798694466436572,88,96.0,0.0,8477.32
SKU017,Home Decor,2025-12-21,3,82.81931153543064,69.66732772775345,95.17198583483345,10.800384373956266,80,81.0,0.0,8477.32
SKU017,Home Decor,2025-12-28,4,85.21712719973956,70.89951395355175,99.16115207963203,12.107386534085075,94,98.0,0.0,8477.32
SKU017,Home Decor,2026-01-04,5,90.25640191033949,76.5414517167735,103.2716891603647,11.73642121764164,85,,0.0,8477.32
SKU017,Home Decor,2026-01-11,6,96.03030769693616,80.30815085740252,109.87634500352198,13.150106090544803,97,,0.0,8477.32
SKU017,Home Decor,2026-01-18,7,94.829637900755,79.2851282756688,109.42341571516518,13.069833771122706,106,,0.0,8477.32
SKU017,Home Decor,2026-01-25,8,92.84396062434912,76.81007023562968,109.9192853440604,14.24380808331824,89,,0.0,8477.32
SKU018,Kitchen,2025-12-07,1,163.55641459727025,140.09186937121498,191.8674969254568,22.29790452548293,182,158.0,0.0,5575.409999999999
SKU018,Kitchen,2025-12-14,2,155.5347572618517,131.4457255439456,181.61819458541748,22.230119709434575,150,162.0,0.0,5575.409999999999
SKU018,Kitchen,2025-12-21,3,159.93925556592654,134.54036658198333,183.7945315283406,20.85751987756425,172,160.0,0.0,5575.409999999999
SKU018,Kitchen,2025-12-28,4,154.60574530843948,128.6299193248147,179.90378608963337,21.965907328137526,154,161.0,0.0,5575.409999999999
SKU018,Kitchen,2026-01-04,5,165.9614326301547,140.74269208212624,189.8936487653929,21.580666168873922,181,,0.0,5575.409999999999
SKU018,Kitchen,2026-01-11,6,170.5496065705166,142.6270920255802,195.14013712105287,23.35455830445626,172,,0.0,5575.409999999999
SKU018,Kitchen,2026-01-18,7,167.40053691715187,139.96017844951135,193.1625908051846,23.071871190667547,164,,0.0,5575.409999999999
SKU018,Kitchen,2026-01-25,8,166.9368840744091,138.10735458122775,197.63895111354148,25.610895127619383,163,,0.0,5575.409999999999
SKU019,Lighting,2025-12-07,1,104.07841581971587,89.14685412541428,122.09405040130439,14.189174938970996,120,103.0,0.0,4819.85
SKU019,Lighting,2025-12-14,2,98.64564855416675,83.36753195381009,115.18868778605551,14.099128804258573,97,96.0,0.0,4819.85
SKU019,Lighting,2025-12-21,3,95.70351095870319,80.50547316858894,109.97789066875956,12.480600057257595,106,107.0,0.0,4819.85
SKU019,Lighting,2025-12-28,4,95.92972321050401,79.8122510441102,111.62664343210653,13.629399126481164,86,104.0,0.0,4819.85
SKU019,Lighting,2026-01-04,5,102.7439311019534,87.13143306381653,117.55996351832577,13.360227390482077,100,,0.0,4819.85
SKU019,Lighting,2026-01-11,6,109.49547824428763,91.56879318555217,125.28297818084393,14.993986688988416,114,,0.0,4819.85
SKU019,Lighting,2026-01-18,7,107.65027045768248,90.00419796056018,124.21707555678825,14.836829196488049,113,,0.0,4819.85
SKU019,Lighting,2026-01-25,8,108.04841217985594,89.38875584984967,127.92005176754054,16.576423888507744,115,,0.0,4819.85
SKU020,Storage,2025-12-07,1,88.32187152999003,75.65081516042908,103.61009964639922,12.041060350564544,88,85.0,0.0,3897.54
SKU020,Storage,2025-12-14,2,86.30808504244325,72.9407950893757,100.78209436584812,12.335757589896348,80,82.0,0.0,3897.54
SKU020,Storage,2025-12-21,3,86.133363020754,72.45509674749347,98.98033506123545,11.232566545155075,81,74.0,0.0,3897.54
SKU020,Storage,2025-12-28,4,88.61241903976709,73.72435150791074,103.11201338612221,12.589779124096768,87,99.0,0.0,3897.54
SKU020,Storage,2026-01-04,5,88.32417666162591,74.90283858296765,101.06083030659406,11.485165806099834,93,,0.0,3897.54
SKU020,Storage,2026-01-11,6,91.55188075987978,76.562935469777,104.75220039740434,12.536843561730434,83,,0.0,3897.54
SKU020,Storage,2026-01-18,7,89.62348746567972,74.93237196229593,103.41606636802193,12.352299440293521,95,,0.0,3897.54
SKU020,Storage,2026-01-25,8,89.44710458145506,73.999841659851,105.89769916720307,13.722673857287026,100,,0.0,3897.54
SKU021,Furniture,2025-12-07,1,49.92822202224114,42.76529278719933,58.57063453569836,6.806793426722795,55,52.0,0.0,7711.28
SKU021,Furniture,2025-12-14,2,52.258137787245396,44.164461744428046,61.02191435793866,7.469100021462052,63,59.0,0.0,7711.28
SKU021,Furniture,2025-12-21,3,50.867261081815855,42.7893698063888,58.45421993231957,6.633549126992764,50,47.0,0.0,7711.28
SKU021,Furniture,2025-12-28,4,51.764684847443476,43.06752781093216,60.234907643392766,7.354566726875185,54,50.0,0.0,7711.28
SKU021,Furniture,2026-01-04,5,52.80715773493129,44.78282347310427,60.42213365054871,6.866737797716239,48,,0.0,7711.28
SKU021,Furniture,2026-01-11,6,58.46748154976523,48.89513989030727,66.89755899276395,8.006363862259226,63,,0.0,7711.28
SKU021,Furniture,2026-01-18,7,60.01563232077089,50.177847479261644,69.2517195069025,8.271615873111434,60,,0.0,7711.28
SKU021,Furniture,2026-01-25,8,62.05043394222314,51.334498843035234,73.46239118141682,9.519568818651294,57,,0.0,7711.28
SKU022,Home Decor,2025-12-07,1,61.28862353437391,52.49587956094987,71.89748452546006,8.355574921550918,62,70.0,0.0,4597.03
SKU022,Home Decor,2025-12-14,2,63.86967350220377,53.977617103410275,74.58072391305589,9.128702244773013,70,60.0,0.0,4597.03
SKU022,Home Decor,2025-12-21,3,58.961761973965594,49.59843687047251,67.75603263717588,7.689144969674319,46,62.0,0.0,4597.03
SKU022,Home Decor,2025-12-28,4,62.017682127650644,51.59788488375305,72.16559641434425,8.811280949515286,59,84.0,0.0,4597.03
SKU022,Home Decor,2026-01-04,5,73.15615606675075,62.03968105143897,83.7055283568438,9.512804012681999,77,,0.0,4597.03
SKU022,Home Decor,2026-01-11,6,75.40956498600163,63.06345221863882,86.28242039082606,10.326362620198003,77,,0.0,4597.03
SKU022,Home Decor,2026-01-18,7,76.59299491472497,64.03784261189578,88.38025019345513,10.556380196406211,69,,0.0,4597.03
SKU022,Home Decor,2026-01-25,8,75.25922461042721,62.26216858191543,89.10046629954692,11.546017044528481,79,,0.0,4597.03
SKU023,Kitchen,2025-12-07,1,92.4907045114788,79.22156845011926,108.50054403054683,12.609403940345537,104,97.0,0.0,1416.74
SKU023,Kitchen,2025-12-14,2,90.95976509517453,76.87202866246162,106.21386889547132,13.000608368221819,80,98.0,0.0,1416.74
SKU023,Kitchen,2025-12-21,3,92.10931541964334,77.48204790828366,105.84761331448951,12.0118845775304,90,96.0,0.0,1416.74
SKU023,Kitchen,2025-12-28,4,98.85817457947634,82.24868354916401,115.03427545513675,14.045464462588,99,99.0,0.0,1416.74
SKU023,Kitchen,2026-01-04,5,104.65697810047885,88.75378218665233,119.74887855149038,13.608988973135727,117,,0.0,1416.74
SKU023,Kitchen,2026-01-11,6,106.13999452462254,88.76267187634159,121.44368727698499,14.534496680501235,114,,0.0,1416.74
SKU023,Kitchen,2026-01-18,7,100.22756607472303,83.79822604942392,115.65205637705262,13.813799745305344,92,,0.0,1416.74
SKU023,Kitchen,2026-01-25,8,99.13758909252346,82.01680680122433,117.37040159104791,15.209355389201626,83,,0.0,1416.74
SKU024,Lighting,2025-12-07,1,79.68174443489316,68.25023989508446,93.47439470975088,10.863138166779258,76,93.0,0.0,1768.87
SKU024,Lighting,2025-12-14,2,80.42123538075782,67.96569345568983,93.90801023074323,11.49436769740825,101,72.0,0.0,1768.87
SKU024,Lighting,2025-12-21,3,79.82788176091249,67.15094701156313,91.73437802515559,10.41027498046449,75,85.0,0.0,1768.87
SKU024,Lighting,2025-12-28,4,82.738324177453,68.8371828794851,96.27674407920415,11.755205847891121,71,71.0,0.0,1768.87
SKU024,Lighting,2026-01-04,5,84.71166938996984,71.83927140039108,96.92738691474878,11.015416224966886,101,,0.0,1768.87
SKU024,Lighting,2026-01-11,6,85.17498288199221,71.23006828376481,97.45585564867918,11.663610041668859,77,,0.0,1768.87
SKU024,Lighting,2026-01-18,7,81.43415434897837,68.08543738547753,93.96643836251789,11.22360987761003,73,,0.0,1768.87
SKU024,Lighting,2026-01-25,8,82.96064585814315,68.6335760808335,98.2182884388632,12.727543182400783,80,,0.0,1768.87
SKU025,Storage,2025-12-07,1,15.177574624298865,13.000130914306745,17.804763327284117,2.069182738777504,22,18.0,0.0,11558.01
SKU025,Storage,2025-12-14,2,15.91197894114218,13.447551232790708,18.580444258553122,2.2742517679188325,24,13.0,0.0,11558.01
SKU025,Storage,2025-12-21,3,16.107289709180684,13.54939820400822,18.509725806932014,2.1005356945933835,22,14.0,0.0,11558.01
SKU025,Storage,2025-12-28,4,16.376448678658416,13.624987015588045,19.056116667046002,2.3267153062246178,16,16.0,0.0,11558.01
SKU025,Storage,2026-01-04,5,16.749361759029334,14.204205322067596,19.164678012882582,2.1779902651770575,15,,0.0,11558.01
SKU025,Storage,2026-01-11,6,18.625907650432953,15.576459529502696,21.311466182753943,2.550576661785475,21,,0.0,11558.01
SKU025,Storage,2026-01-18,7,19.505806105802,16.308407091434464,22.507646107521268,2.688375164327742,12,,0.0,11558.01
SKU025,Storage,2026-01-25,8,18.706916342922064,15.47628460192012,22.147384294868694,2.8699521695048262,21,,0.0,11558.01
SKU026,Furniture,2025-12-07,1,145.2766430711236,124.43459679598618,170.42355652283118,19.805794379627105,162,157.0,0.0,10939.54
SKU026,Furniture,2025-12-14,2,142.42197328208903,120.3638334031483,166.3063749361049,20.355948542000114,148,128.0,0.0,10939.54
SKU026,Furniture,2025-12-21,3,136.70091189909306,114.99234965123581,157.09014008530482,17.82703050059664,131,156.0,0.0,10939.54
SKU026,Furniture,2025-12-28,4,142.00084371506625,118.1428092124564,165.23635238326574,20.17504179640741,145,135.0,0.0,10939.54
SKU026,Furniture,2026-01-04,5,143.98514743183094,122.10582270977378,164.74830676344428,18.7229969683803,147,,0.0,10939.54
SKU026,Furniture,2026-01-11,6,147.60636165822376,123.44013305644286,168.88884256684602,20.212778257159492,165,,0.0,10939.54
SKU026,Furniture,2026-01-18,7,148.07670947211923,123.80392000887774,170.8649289081851,20.408577118061746,136,,0.0,10939.54
SKU026,Furniture,2026-01-25,8,152.42491722674097,126.10156351705176,180.45802718369742,23.384517996574722,165,,0.0,10939.54
SKU027,Home Decor,2025-12-07,1,151.45996479989302,129.73083113836836,177.6771910910933,20.648776404501753,153,153.0,0.0,8516.6
SKU027,Home Decor,2025-12-14,2,151.71669841775181,128.21900295301202,177.15984092676305,21.684415928130488,154,161.0,0.0,8516.6
SKU027,Home Decor,2025-12-21,3,152.07023231374959,127.92097055413547,174.7518269271345,19.831328350546404,133,182.0,0.0,8516.6
SKU027,Home Decor,2025-12-28,4,164.1166437890074,136.54286008792343,190.9709469015085,23.317186442731174,172,144.0,0.0,8516.6
SKU027,Home Decor,2026-01-04,5,174.21517329452064,147.7422320501821,199.33760755678603,22.65393493438937,185,,0.0,8516.6
SKU027,Home Decor,2026-01-11,6,174.11725160153875,145.61063943085557,199.222179610345,23.843101054932557,167,,0.0,8516.6
SKU027,Home Decor,2026-01-18,7,173.35647064108323,144.93981329529115,200.0351111086764,23.892743920405,190,,0.0,8516.6
SKU027,Home Decor,2026-01-25,8,173.37296954729962,143.4319462282324,205.25872423433486,26.598297707897096,179,,0.0,8516.6
SKU028,Kitchen,2025-12-07,1,34.02098519695351,29.140180321433846,39.90990685844023,4.638134686752901,36,40.0,0.0,3484.09
SKU028,Kitchen,2025-12-14,2,37.99769109336356,32.11265547772797,44.369967049697685,5.430896839768736,48,25.0,0.0,3484.09
SKU028,Kitchen,2025-12-21,3,38.239720178805314,32.16712465394879,43.94325477613173,4.986804027064912,45,22.0,0.0,3484.09
SKU028,Kitchen,2025-12-28,4,38.351017563382534,31.907535424126078,44.62637042548457,5.448794260888637,37,31.0,0.0,3484.09
SKU028,Kitchen,2026-01-04,5,35.86111410540879,30.411823158379292,41.03241155698998,4.6631721580602115,47,,0.0,3484.09
SKU028,Kitchen,2026-01-11,6,38.11926036146992,31.878345338043736,43.615449155637556,5.219938682570958,41,,0.0,3484.09
SKU028,Kitchen,2026-01-18,7,36.61566373480254,30.613610474299403,42.250619987953115,5.046530272888293,43,,0.0,3484.09
SKU028,Kitchen,2026-01-25,8,36.653153798688514,30.323257417093178,43.394190037398765,5.623203543300221,42,,0.0,3484.09
SKU029,Lighting,2025-12-07,1,98.15203673227582,84.07070026739368,115.14183440819669,13.381222310522007,110,87.0,0.0,11642.45
SKU029,Lighting,2025-12-14,2,101.61981971485072,85.88106714678185,118.6616323940703,14.524218231871478,95,115.0,0.0,11642.45
SKU029,Lighting,2025-12-21,3,102.96758943118297,86.61599167206462,118.32542170552996,13.427901334832201,109,104.0,0.0,11642.45
SKU029,Lighting,2025-12-28,4,104.70148427330923,87.11023932775515,121.83372223583416,14.875663877029389,96,97.0,0.0,11642.45
SKU029,Lighting,2026-01-04,5,109.63523176510506,92.97556318434117,125.44501371900397,14.256332327176832,114,,0.0,11642.45
SKU029,Lighting,2026-01-11,6,109.33008755085767,91.43048038538599,125.09374078977952,14.971338576979273,110,,0.0,11642.45
SKU029,Lighting,2026-01-18,7,108.13255773185728,90.40742852481362,124.77358428195487,14.90330012944668,124,,0.0,11642.45
SKU029,Lighting,2026-01-25,8,106.01533828600336,87.70678808877068,125.51306667167493,16.264516531599426,91,,0.0,11642.45
SKU030,Storage,2025-12-07,1,32.1655319181755,27.550918787454854,37.73328066412153,4.385177808457668,30,25.0,0.0,9433.51
SKU030,Storage,2025-12-14,2,31.810140725921944,26.8834252933854,37.144754200654894,4.546528690823033,38,35.0,0.0,9433.51
SKU030,Storage,2025-12-21,3,32.341906722927135,27.205903710545513,37.165770053390496,4.217676016840811,32,26.0,0.0,9433.51
SKU030,Storage,2025-12-28,4,29.827523011575025,24.81610156843579,34.70818182566655,4.237802450310245,27,28.0,0.0,9433.51
SKU030,Storage,2026-01-04,5,25.299133292401883,21.454792661691116,28.947356354787953,3.2897531751359907,21,,0.0,9433.51
SKU030,Storage,2026-01-11,6,33.25987795634182,27.814544808564793,38.05542138466609,4.554509239570224,31,,0.0,9433.51
SKU030,Storage,2026-01-18,7,33.93979766555551,28.376373369473644,39.16295233704678,4.677730755215899,34,,0.0,9433.51
SKU030,Storage,2026-01-25,8,32.423896493074096,26.824380931166974,38.387112167787016,4.974365115996585,36,,0.0,9433.51
SKU031,Furniture,2025-12-07,1,111.95496955654066,95.89340173048161,131.33400991988782,15.262997959890203,114,96.0,0.0,8715.93
SKU031,Furniture,2025-12-14,2,110.82794817072462,93.66305200400878,129.41397929779745,15.840308612424215,107,104.0,0.0,8715.93
SKU031,Furniture,2025-12-21,3,111.30826804799402,93.63214261435607,127.91013005984232,14.515600970715546,106,132.0,0.0,8715.93
SKU031,Furniture,2025-12-28,4,113.46364962085109,94.40024410420425,132.02963518345035,16.120565297956183,108,97.0,0.0,8715.93
SKU031,Furniture,2026-01-04,5,135.17037309754068,114.63050118330108,154.66241129451245,17.576774624745795,138,,0.0,8715.93
SKU031,Furniture,2026-01-11,6,138.3473479701925,115.69701230756606,158.29482691931608,18.94487632899247,145,,0.0,8715.93
SKU031,Furniture,2026-01-18,7,137.07479933593785,114.60544708696884,158.1698832121108,18.89224593903511,132,,0.0,8715.93
SKU031,Furniture,2026-01-25,8,137.57895006996816,113.81945305602396,162.88167553798908,21.1068996617871,140,,0.0,8715.93
SKU032,Home Decor,2025-12-07,1,53.59645166534916,45.90726156446356,62.87382277508304,7.306888972109824,54,60.0,0.0,5612.590000000001
SKU032,Home Decor,2025-12-14,2,57.64696859687232,48.71867707272569,67.31446105168507,8.239309562408678,58,56.0,0.0,5612.590000000001
SKU032,Home Decor,2025-12-21,3,58.00907124088,48.79703661376217,66.66124607987142,7.564905514937621,59,68.0,0.0,5612.590000000001
SKU032,Home Decor,2025-12-28,4,61.972098201825574,51.55995966506413,72.1125536194313,8.804804525962405,64,51.0,0.0,5612.590000000001
SKU032,Home Decor,2026-01-04,5,57.30322658842696,48.595690259074665,65.56655127915143,7.451380623834698,57,,0.0,5612.590000000001
SKU032,Home Decor,2026-01-11,6,59.450996289167215,49.71763282984508,68.02288085639502,8.1410434595127,54,,0.0,5612.590000000001
SKU032,Home Decor,2026-01-18,7,62.44867687730273,52.212066464331805,72.0591967034466,8.606948672176703,67,,0.0,5612.590000000001
SKU032,Home Decor,2026-01-25,8,64.06140952193485,52.99818460655794,75.84321376890452,9.828085926549653,64,,0.0,5612.590000000001
SKU033,Kitchen,2025-12-07,1,117.29341653042574,100.46597088316314,137.5965246666846,15.99079687399057,107,117.0,0.0,3558.0
SKU033,Kitchen,2025-12-14,2,119.26167011035342,100.79056947281511,139.26205042528233,17.045715375610882,127,109.0,0.0,3558.0
SKU033,Kitchen,2025-12-21,3,118.33043447421501,99.53916551402212,135.97966736045413,15.43135473798312,120,116.0,0.0,3558.0
SKU033,Kitchen,2025-12-28,4,117.40921300953089,97.68290025235918,136.62080862570528,16.68113877198931,108,96.0,0.0,3558.0
SKU033,Kitchen,2026-01-04,5,116.94286675170807,99.17276336795277,133.80643510142912,15.206574974703898,103,,0.0,3558.0
SKU033,Kitchen,2026-01-11,6,122.03776128863755,102.05764387215714,139.63365821054862,16.71148980447729,123,,0.0,3558.0
SKU033,Kitchen,2026-01-18,7,132.06023464356602,110.41287170987594,152.38360363632825,18.201116789808243,138,,0.0,3558.0
SKU033,Kitchen,2026-01-25,8,132.42901466853,109.55889698718171,156.78459377750136,20.316813898466766,129,,0.0,3558.0
SKU034,Lighting,2025-12-07,1,128.37366794672084,109.9565991647502,150.5947314920424,17.501385063437336,128,147.0,0.0,1518.14
SKU034,Lighting,2025-12-14,2,128.46221024103062,108.56614127530942,150.0055364290639,18.360721179439505,137,118.0,0.0,1518.14
SKU034,Lighting,2025-12-21,3,124.49130980757198,104.72167322848426,143.05945019233124,16.234788387051974,114,119.0,0.0,1518.14
SKU034,Lighting,2025-12-28,4,126.89451092788516,105.57454168894131,147.65817987148722,18.028780637682463,127,124.0,0.0,1518.14
SKU034,Lighting,2026-01-04,5,130.3132689578009,110.51146038257706,149.1048958349773,16.945184855207167,129,,0.0,1518.14
SKU034,Lighting,2026-01-11,6,133.15265872488462,111.35280163518037,152.3511464147732,18.233530959790972,128,,0.0,1518.14
SKU034,Lighting,2026-01-18,7,135.67464671608622,113.4348080069522,156.5542545375919,18.699270805935747,134,,0.0,1518.14
SKU034,Lighting,2026-01-25,8,134.35834946172193,111.15504109797325,159.068760676791,20.612805951562002,148,,0.0,1518.14
SKU035,Storage,2025-12-07,1,135.84493574518572,116.35600499078973,159.35925139718313,18.519954811769697,135,128.0,0.0,10870.19
SKU035,Storage,2025-12-14,2,135.094098932686,114.1708912112592,157.7496038778728,19.308597281929842,133,128.0,0.0,10870.19
SKU035,Storage,2025-12-21,3,134.23315373416534,112.9164797406859,154.25431060589867,17.50521260294621,134,127.0,0.0,10870.19
SKU035,Storage,2025-12-28,4,137.1032460228786,114.06807321364415,159.53736386372128,19.47920622559812,126,148.0,0.0,10870.19
SKU035,Storage,2026-01-04,5,140.0232187459418,118.74593059356097,160.2150541734382,18.207810644666175,139,,0.0,10870.19
SKU035,Storage,2026-01-11,6,140.60163551785297,117.58222614052411,160.8741467430699,19.25357179317742,149,,0.0,10870.19
SKU035,Storage,2026-01-18,7,138.27698445401904,115.61056957196578,159.55707823736287,19.05793632869876,122,,0.0,10870.19
SKU035,Storage,2026-01-25,8,139.75120726553854,115.61656755479788,165.4534417241245,21.44016005258948,148,,0.0,10870.19
SKU036,Furniture,2025-12-07,1,30.991778221047788,26.54555712055304,36.35635402734348,4.225158111648887,26,27.0,0.0,5687.0
SKU036,Furniture,2025-12-14,2,29.3743877768194,24.824918762259593,34.30052143326552,4.198393774908398,36,31.0,0.0,5687.0
SKU036,Furniture,2025-12-21,3,32.224675106420776,27.10728886702911,37.03105309500616,4.2023879578654935,25,36.0,0.0,5687.0
SKU036,Furniture,2025-12-28,4,31.910892871683618,26.549437522380384,37.13245218451269,4.53380121275004,37,30.0,0.0,5687.0
SKU036,Furniture,2026-01-04,5,30.339285639599034,25.729066501140274,34.714316210308176,3.9451454763552856,22,,0.0,5687.0
SKU036,Furniture,2026-01-11,6,32.53876883178408,27.21149623204253,37.23033983639962,4.455762690504479,32,,0.0,5687.0
SKU036,Furniture,2026-01-18,7,33.735144143021195,28.20526672870821,38.92680372391718,4.649524515274358,36,,0.0,5687.0
SKU036,Furniture,2026-01-25,8,34.56523618769745,28.59591729428962,40.9222746848645,5.302882247819667,38,,0.0,5687.0
SKU037,Home Decor,2025-12-07,1,159.88432010852586,136.94659021660257,187.55977484825183,21.797282079581375,171,155.0,0.0,2747.4200000000005
SKU037,Home Decor,2025-12-14,2,161.8991233801415,136.82438647333194,189.04987548062985,23.139759607133204,173,133.0,0.0,2747.4200000000005
SKU037,Home Decor,2025-12-21,3,159.29961691522485,134.00230468941726,183.05948942915637,20.774105234772133,177,139.0,0.0,2747.4200000000005
SKU037,Home Decor,2025-12-28,4,156.02764170966344,129.81291817788318,181.55834650391216,22.167925982212687,137,161.0,0.0,2747.4200000000005
SKU037,Home Decor,2026-01-04,5,152.37518602097802,129.22094939309773,174.3482181146922,19.813989128829117,159,,0.0,2747.4200000000005
SKU037,Home Decor,2026-01-11,6,159.73325200436412,133.58159946122134,182.7642369027418,21.8733987260996,156,,0.0,2747.4200000000005
SKU037,Home Decor,2026-01-18,7,158.87073249321543,132.8285827491677,183.3200947658528,21.896256389336024,158,,0.0,2747.4200000000005
SKU037,Home Decor,2026-01-25,8,164.29379046453684,135.9207157902024,194.50975500061284,25.20540059817347,163,,0.0,2747.4200000000005
SKU038,Kitchen,2025-12-07,1,46.54020696713557,39.86333774192481,54.596165116265894,6.344899979035885,55,39.0,0.0,3949.1
SKU038,Kitchen,2025-12-14,2,47.479483387141194,40.12591945456568,55.44187167183061,6.7861011777663744,56,49.0,0.0,3949.1
SKU038,Kitchen,2025-12-21,3,48.32493843676808,40.65077650467486,55.53270452394103,6.3020073493557645,45,49.0,0.0,3949.1
SKU038,Kitchen,2025-12-28,4,50.214536657793666,41.77782517938786,58.43110968128192,7.134326454362691,45,56.0,0.0,3949.1
SKU038,Kitchen,2026-01-04,5,46.96906334781549,39.83185921803353,53.74216573609516,6.107585722236803,57,,0.0,3949.1
SKU038,Kitchen,2026-01-11,6,48.97473008828906,40.95654909847146,56.03610431633452,6.706454575250155,48,,0.0,3949.1
SKU038,Kitchen,2026-01-18,7,49.7421346472489,41.588385377366485,57.3971850842879,6.85567767263583,48,,0.0,3949.1
SKU038,Kitchen,2026-01-25,8,49.24576153020527,40.74115727620225,58.3027574138685,7.555119056059957,42,,0.0,3949.1
SKU039,Lighting,2025-12-07,1,15.050117669456004,12.890959512425225,17.655243988946598,2.051806330660507,14,23.0,0.0,7118.95
SKU039,Lighting,2025-12-14,2,16.163399742920088,13.660032290326285,18.874028746702262,2.3101865944448114,17,15.0,0.0,7118.95
SKU039,Lighting,2025-12-21,3,15.44782998081022,12.994662887233874,17.751906274705316,2.014536204697856,13,12.0,0.0,7118.95
SKU039,Lighting,2025-12-28,4,19.288215272638013,16.04753801024271,22.444333795854416,2.7404101209737246,16,21.0,0.0,7118.95
SKU039,Lighting,2026-01-04,5,18.63474861584223,15.803097411866844,21.321944215641697,2.423155082756902,13,,0.0,7118.95
SKU039,Lighting,2026-01-11,6,22.000545056861576,18.398598668948043,25.172672429231188,3.0126895194439864,25,,0.0,7118.95
SKU039,Lighting,2026-01-18,7,22.441999483668155,18.763298555323875,25.895704057743654,3.0930541256535697,25,,0.0,7118.95
SKU039,Lighting,2026-01-25,8,22.47453382896893,18.59324516433231,26.607920216980645,3.447967368788896,24,,0.0,7118.95
SKU040,Storage,2025-12-07,1,88.78667582784276,76.04893652508663,104.15536005338961,12.10442785517801,97,103.0,0.0,2450.56
SKU040,Storage,2025-12-14,2,89.26549044411571,75.44016118345046,104.23546156919704,12.758450737498233,90,101.0,0.0,2450.56
SKU040,Storage,2025-12-21,3,90.2106278167322,75.88487825023786,103.66573246690811,11.7642786081336,99,93.0,0.0,2450.56
SKU040,Storage,2025-12-28,4,94.56285004046205,78.67503078596917,110.03610966569116,13.435198003343341,103,76.0,0.0,2450.56
SKU040,Storage,2026-01-04,5,102.70786365223677,87.10084625886307,117.51869501684438,13.35553738763285,101,,0.0,2450.56
SKU040,Storage,2026-01-11,6,106.35527638128782,88.94270761960401,121.6900093405423,14.563976740728181,115,,0.0,2450.56
SKU040,Storage,2026-01-18,7,106.11878155125737,88.72375128706601,122.4498986384676,14.625752724275396,112,,0.0,2450.56
SKU040,Storage,2026-01-25,8,102.3449445081186,84.67026097407314,121.16763528030266,15.701417066531098,101,,0.0,2450.56
SKU041,Furniture,2025-12-07,1,69.07113423198112,59.16187596784022,81.02712246122834,9.416576906285618,75,78.0,0.0,10336.73
SKU041,Furniture,2025-12-14,2,69.91101753232479,59.083285207954354,81.63521137898444,9.99217355729364,54,66.0,0.0,10336.73
SKU041,Furniture,2025-12-21,3,73.83288106484162,62.107972486924595,84.84521038117938,9.628472878523555,79,71.0,0.0,10336.73
SKU041,Furniture,2025-12-28,4,74.94410324342986,62.35249495315323,87.20715968017407,10.647826983087473,80,70.0,0.0,10336.73
SKU041,Furniture,2026-01-04,5,77.96557843688963,66.11828558627568,89.20848616966781,10.138193520293559,74,,0.0,10336.73
SKU041,Furniture,2026-01-11,6,84.78140491794869,70.90092721082034,97.00553002544461,11.609714640246148,98,,0.0,10336.73
SKU041,Furniture,2026-01-18,7,81.60175147048757,68.22556192429941,94.15982779124016,11.246708842945493,74,,0.0,10336.73
SKU041,Furniture,2026-01-25,8,78.00047917289157,64.5300162056133,92.34587656022472,11.966571097077408,72,,0.0,10336.73
SKU042,Home Decor,2025-12-07,1,145.9753446208817,125.03305945169551,171.24320103374882,19.901049466299646,159,156.0,0.0,9198.83
SKU042,Home Decor,2025-12-14,2,141.6933387124175,119.74804885856814,165.45554713795897,20.251806972659693,132,125.0,0.0,9198.83
SKU042,Home Decor,2025-12-21,3,139.08153924955147,116.99492541221744,159.82584300622221,18.13748575504661,122,173.0,0.0,9198.83
SKU042,Home Decor,2025-12-28,4,150.6651438707356,125.35139145373284,175.31838651926898,21.40603883279123,158,148.0,0.0,9198.83
SKU042,Home Decor,2026-01-04,5,149.6012437110971,126.86852267451675,171.1742636703373,19.453281692091927,157,,0.0,9198.83
SKU042,Home Decor,2026-01-11,6,150.68363951432875,126.01359658295938,172.4098147630007,20.634171578167834,137,,0.0,9198.83
SKU042,Home Decor,2026-01-18,7,149.40815549829065,124.91711490568426,172.40127740902548,20.59208280913582,155,,0.0,9198.83
SKU042,Home Decor,2026-01-25,8,159.2880261582906,131.77943287465058,188.5833594500218,24.437433079241526,149,,0.0,9198.83
SKU043,Kitchen,2025-12-07,1,135.77083413828942,116.29253433658717,159.27232304363395,18.50985242257373,147,127.0,0.0,8745.77
SKU043,Kitchen,2025-12-14,2,135.8493439070531,114.80916477381713,158.63150468981374,19.41654219717386,133,142.0,0.0,8745.77
SKU043,Kitchen,2025-12-21,3,133.25614060609453,112.09461956670333,153.13157391730132,17.377801288774005,133,132.0,0.0,8745.77
SKU043,Kitchen,2025-12-28,4,138.08464663662608,114.88458544299124,160.67935044210896,19.618640597136814,131,126.0,0.0,8745.77
SKU043,Kitchen,2026-01-04,5,168.62734040805177,143.00350070228356,192.94398972228902,21.927325419038457,169,,0.0,8745.77
SKU043,Kitchen,2026-01-11,6,167.95705754899095,140.45899715096036,192.17378391903367,22.999542315279246,166,,0.0,8745.77
SKU043,Kitchen,2026-01-18,7,161.19281690386308,134.77003021686562,185.99953563915784,22.216296177755787,157,,0.0,8745.77
SKU043,Kitchen,2026-01-25,8,158.67541539656668,131.27261826529218,187.85808085710153,24.343448397189064,155,,0.0,8745.77
SKU044,Lighting,2025-12-07,1,52.659886554708066,45.1050603334043,61.77514129610289,7.17920557020599,50,52.0,0.0,5412.28
SKU044,Lighting,2025-12-14,2,53.18345156595332,44.94646406429089,62.1024047953977,7.601352364485521,54,57.0,0.0,5412.28
SKU044,Lighting,2025-12-21,3,53.50870493663894,45.01134353807932,61.48964068714175,6.9780172034040175,52,61.0,0.0,5412.28
SKU044,Lighting,2025-12-28,4,57.21669408103215,47.6035268223245,66.5790257158581,8.129171379103601,60,61.0,0.0,5412.28
SKU044,Lighting,2026-01-04,5,63.33545599818013,53.711289666303315,72.46864916210144,8.235776896407566,63,,0.0,5412.28
SKU044,Lighting,2026-01-11,6,71.74694786577493,60.0004816286419,82.09171235323561,9.824814672939228,76,,0.0,5412.28
SKU044,Lighting,2026-01-18,7,72.44476506236394,60.56959214461457,83.5936297901166,9.98465308856353,81,,0.0,5412.28
SKU044,Lighting,2026-01-25,8,72.42895284382648,59.92067677440729,85.74966730495261,11.111806272002237,71,,0.0,5412.28
SKU045,Storage,2025-12-07,1,156.83575216461776,134.33538366002173,183.98350972868988,21.38166599310692,151,166.0,0.0,7676.78
SKU045,Storage,2025-12-14,2,156.40916131182803,132.18470297118523,182.63923764801422,22.35509567652766,149,152.0,0.0,7676.78
SKU045,Storage,2025-12-21,3,160.9893591568256,135.42371020871656,185.0012602758429,20.994462846588203,159,123.0,0.0,7676.78
SKU045,Storage,2025-12-28,4,169.68378095548908,141.1746440049188,197.44903121805362,24.10814811649047,190,157.0,0.0,7676.78
SKU045,Storage,2026-01-04,5,161.2614694289849,136.7569138013754,184.51593451462398,20.969510099400416,162,,0.0,7676.78
SKU045,Storage,2026-01-11,6,161.56518769398048,135.1136092115917,184.86030847310266,22.124258576986858,169,,0.0,7676.78
SKU045,Storage,2026-01-18,7,156.84324025863313,131.13343779812388,180.9805822404949,21.616818577858083,145,,0.0,7676.78
SKU045,Storage,2026-01-25,8,165.1915426259664,136.66342868299458,195.5726165517232,25.34313071446531,184,,0.0,7676.78
SKU046,Furniture,2025-12-07,1,56.104844425163456,48.05578891941251,65.81641014664272,7.648862121915502,51,56.0,0.0,7175.54
SKU046,Furniture,2025-12-14,2,56.23533649478901,47.52567681268043,65.66609589965952,8.03754918956699,63,66.0,0.0,7175.54
SKU046,Furniture,2025-12-21,3,61.09059904501107,51.389207490970456,70.20239022955374,7.966764503217315,59,57.0,0.0,7175.54
SKU046,Furniture,2025-12-28,4,60.92012058247187,50.6847283077881,70.88844156443795,8.65534279120023,66,58.0,0.0,7175.54
SKU046,Furniture,2026-01-04,5,63.178476283938636,53.57816387174678,72.28903242677296,8.215364161022952,56,,0.0,7175.54
SKU046,Furniture,2026-01-11,6,68.079441385181,56.93342216816872,77.89540998756853,9.322597191144057,72,,0.0,7175.54
SKU046,Furniture,2026-01-18,7,65.95256024388624,55.14159196218614,76.10230911773608,9.089869140591606,66,,0.0,7175.54
SKU046,Furniture,2026-01-25,8,64.40935919155275,53.28604434866815,76.25515633105833,9.881467194252613,60,,0.0,7175.54
SKU047,Home Decor,2025-12-07,1,83.87603381537146,71.84279749327997,98.39470191258941,11.434952267671838,78,108.0,0.0,7938.22
SKU047,Home Decor,2025-12-14,2,83.43590880037254,70.51345796759355,97.42824939383456,11.925245992283907,85,86.0,0.0,7938.22
SKU047,Home Decor,2025-12-21,3,85.46437134842141,71.89234319135464,98.2115618755803,11.145324003890087,92,100.0,0.0,7938.22
SKU047,Home Decor,2025-12-28,4,87.61659235462928,72.89583697945497,101.95324020736375,12.448295140839972,82,88.0,0.0,7938.22
SKU047,Home Decor,2026-01-04,5,98.58864055953168,83.60756147476417,112.80546561917099,12.819897407729274,114,,0.0,7938.22
SKU047,Home Decor,2026-01-11,6,100.73529938364166,84.24283763723906,115.25972137922477,13.794393725554459,110,,0.0,7938.22
SKU047,Home Decor,2026-01-18,7,93.46472623041075,78.1439534355681,107.84845138518568,12.881715699193183,84,,0.0,7938.22
SKU047,Home Decor,2026-01-25,8,92.40644259564374,76.44811033766511,109.4013015278053,14.176685539299617,90,,0.0,7938.22
SKU048,Kitchen,2025-12-07,1,49.87086281780912,42.71616259445016,58.5033466399157,6.798973555718455,50,57.0,0.0,1379.55
SKU048,Kitchen,2025-12-14,2,49.10702022452095,41.50138539031606,57.34234914213989,7.018720171510357,55,55.0,0.0,1379.55
SKU048,Kitchen,2025-12-21,3,53.32754042314613,44.858948555554704,61.28145510587746,6.954391718666607,41,58.0,0.0,1379.55
SKU048,Kitchen,2025-12-28,4,51.62827323533717,42.95403516791817,60.07617508506801,7.335185785862733,62,40.0,0.0,1379.55
SKU048,Kitchen,2026-01-04,5,52.77923916874443,44.75914728459506,60.3901891299604,6.8631074286163605,52,,0.0,1379.55
SKU048,Kitchen,2026-01-11,6,54.98122599875716,45.979656815928394,62.908641047172196,7.528966346266787,57,,0.0,1379.55
SKU048,Kitchen,2026-01-18,7,58.04231958431268,48.528000902795334,66.9747244167865,7.999645316069555,61,,0.0,1379.55
SKU048,Kitchen,2026-01-25,8,62.5584896633202,51.754814772673036,74.0638855748314,9.597513018126135,71,,0.0,1379.55
SKU049,Lighting,2025-12-07,1,148.52839513276723,127.21983775500975,174.2381762687214,20.249110878032923,149,167.0,0.0,5223.37
SKU049,Lighting,2025-12-14,2,150.1222648250765,126.87151327218137,175.29801817031955,21.456528282578418,150,171.0,0.0,5223.37
SKU049,Lighting,2025-12-21,3,152.85080960282133,128.57758955767957,175.64882895868055,19.933122661550172,161,147.0,0.0,5223.37
SKU049,Lighting,2025-12-28,4,152.4202759778726,126.81163797235367,177.360709788249,21.655402587916218,135,166.0,0.0,5223.37
SKU049,Lighting,2026-01-04,5,175.2201653089497,148.59451007279353,200.48752291709332,22.784618291492645,198,,0.0,5223.37
SKU049,Lighting,2026-01-11,6,183.96490974238526,153.84603130383672,210.48971284344861,25.191610212106486,177,,0.0,5223.37
SKU049,Lighting,2026-01-18,7,168.98387156342605,141.2839722898352,194.9895922474637,23.290093268585007,183,,0.0,5223.37
SKU049,Lighting,2026-01-25,8,162.4399340171293,134.38701512755742,192.3149479882968,24.92098817895608,154,,0.0,5223.37
SKU050,Storage,2025-12-07,1,36.162140793163765,30.974156022272783,42.421689510220446,4.930041813575529,33,40.0,0.0,882.72
SKU050,Storage,2025-12-14,2,35.62749548889668,30.109552850411664,41.602285702609166,5.092131839908491,37,34.0,0.0,882.72
SKU050,Storage,2025-12-21,3,38.10018835364783,32.049750949537604,43.78291148612846,4.968607819970679,32,34.0,0.0,882.72
SKU050,Storage,2025-12-28,4,41.28690736318883,34.350156604485385,48.04265802510366,5.865916426300488,54,49.0,0.0,882.72
SKU050,Storage,2026-01-04,5,41.68357604067985,35.349530397518066,47.69449276564147,5.420291479788878,47,,0.0,882.72
SKU050,Storage,2026-01-11,6,39.53933792892143,33.06592669908677,45.24027923767261,5.4143999012908255,40,,0.0,882.72
SKU050,Storage,2026-01-18,7,39.26389308637451,32.8277410825225,45.30639777705986,5.411520777745827,40,,0.0,882.72
SKU050,Storage,2026-01-25,8,39.73913323299627,32.87629689861571,47.047724976284336,6.096644125926752,45,,0.0,882.72
