date,sku_id,on_hand_units,on_order_units,lead_time_days,safety_stock,reorder_point,inventory_value
2025-12-01,SKU001,771,147,4,159,289,2815160.01
2025-12-01,SKU002,526,29,3,94,149,2974319.6
2025-12-01,SKU003,349,12,3,88,123,2145941.67
2025-12-01,SKU004,259,254,6,98,196,321905.92
2025-12-01,SKU005,471,291,6,129,245,3500674.53
2025-12-01,SKU006,359,485,13,129,340,2378877.6
2025-12-01,SKU007,207,460,8,98,237,941442.21
2025-12-01,SKU008,325,155,3,91,161,2165845.5
2025-12-01,SKU009,75,89,7,63,131,224818.5
2025-12-01,SKU010,83,70,13,22,60,595250.27
2025-12-01,SKU011,753,269,3,179,247,2911918.77
2025-12-01,SKU012,47,60,12,16,58,67949.78
2025-12-01,SKU013,151,95,4,32,61,1169978.2
2025-12-01,SKU014,309,334,10,130,299,964407.54
2025-12-01,SKU015,187,245,9,119,265,235038.43
2025-12-01,SKU016,255,187,11,30,129,512180.25
2025-12-01,SKU017,95,26,12,108,274,636809.7
2025-12-01,SKU018,235,102,8,66,184,627647.4
2025-12-01,SKU019,227,114,14,25,126,738421.92
2025-12-01,SKU020,1002,353,3,129,227,5550418.68
2025-12-01,SKU021,88,97,9,36,88,27021.28
2025-12-01,SKU022,95,194,8,76,163,513246.05
2025-12-01,SKU023,130,79,12,41,148,494858.0
2025-12-01,SKU024,341,18,14,60,259,454699.63
2025-12-01,SKU025,1124,61,14,121,582,4384724.0
2025-12-01,SKU026,160,70,5,31,59,988598.4
2025-12-01,SKU027,567,103,3,83,133,2599048.62
2025-12-01,SKU028,174,55,11,114,337,85058.16
2025-12-01,SKU029,261,520,5,196,329,891602.1
2025-12-01,SKU030,166,32,9,43,104,342462.98
2025-12-01,SKU031,93,40,13,28,113,234857.55
2025-12-01,SKU032,278,214,11,60,185,1269626.0
2025-12-01,SKU033,208,168,12,55,183,707096.0
2025-12-01,SKU034,34,103,5,34,58,52497.36
2025-12-01,SKU035,670,76,8,137,304,3918347.6
2025-12-01,SKU036,383,135,3,77,129,574446.38
2025-12-01,SKU037,355,687,8,315,644,2004500.4
2025-12-01,SKU038,159,310,12,56,175,509262.69
2025-12-01,SKU039,93,35,3,17,31,284026.65
2025-12-01,SKU040,67,29,9,36,93,78024.85
2025-12-01,SKU041,440,40,4,78,139,2496001.2
2025-12-01,SKU042,90,120,6,41,88,698500.8
2025-12-01,SKU043,559,211,12,142,393,2086495.45
2025-12-01,SKU044,223,39,5,55,93,222337.69
2025-12-01,SKU045,307,142,4,88,142,558224.24
2025-12-01,SKU046,119,182,4,46,96,563935.05
2025-12-01,SKU047,201,129,9,44,99,1231834.53
2025-12-01,SKU048,106,50,3,22,31,381464.32
2025-12-01,SKU049,780,599,5,206,344,4123321.8
2025-12-01,SKU050,328,525,14,69,316,1138983.28
