stockout_score,overstock_score,p_stockout_lead_time,p_below_reorder_point,p_stockout_horizon,weeks_to_reorder,demand_lead_time,demand_8w,weeks_of_cover,units_short,units_excess,sales_at_risk_inr,locked_capital_inr,reorder_qty,quadrant,action,days_of_stock_on_hand,sku_id,product_name,category,subcategory,on_hand,on_order,lead_time_days,safety_stock,reorder_point,list_price,unit_cost,margin_flag,avg_weekly_forecast,inventory_value_inr,value_at_stake_inr,priority
0.0,0.913,0.0,0.0,0.0,13.4,37.9,708.3,15.3,0.0,646.7,0.0,4332746.0,0,Markdown / clear,Promote or discount — 15 weeks of cover vs 8-week horizon,79.2,SKU020,Product 020,Storage,Sofa,1002,353,3,129,227,3897.54,6700.01,negative,88.5,6713410.0,4332746.0,1
0.0,1.0,0.0,0.0,0.0,14.3,75.0,353.4,19.1,0.0,490.6,0.0,2954425.0,0,Markdown / clear,Promote or discount — 19 weeks of cover vs 8-week horizon,56.9,SKU006,Product 006,Furniture,Shelf,359,485,13,129,340,8106.04,6021.91,positive,44.2,2161866.0,2954425.0,2
1.0,0.0,1.0,1.0,1.0,0.0,281.0,1371.8,0.6,234.0,0.0,2054665.0,0.0,919,Reorder now,Raise a replenishment order for ~919 units before stock runs out,1.9,SKU012,Product 012,Home Decor,Table,47,60,12,16,58,8779.37,1256.89,positive,171.5,59074.0,2054665.0,3
0.0,1.0,0.0,0.0,0.0,47.7,6.5,140.3,58.3,0.0,881.7,0.0,1515199.0,0,Markdown / clear,Promote or discount — 58 weeks of cover vs 8-week horizon,300.7,SKU011,Product 011,Furniture,Chair,753,269,3,179,247,1444.56,1718.4,negative,17.5,1293955.0,1515199.0,4
0.0,1.0,0.0,0.0,0.0,13.4,13.3,255.7,16.2,0.0,262.3,0.0,1424428.0,0,Markdown / clear,Promote or discount — 16 weeks of cover vs 8-week horizon,83.9,SKU036,Product 036,Furniture,Shelf,383,135,3,77,129,5687.0,5430.12,positive,32.0,2079736.0,1424428.0,5
0.0,1.0,0.0,0.0,0.0,60.1,31.1,137.2,69.1,0.0,1047.8,0.0,1396853.0,0,Markdown / clear,Promote or discount — 69 weeks of cover vs 8-week horizon,458.9,SKU025,Product 025,Storage,Lamp,1124,61,14,121,582,11558.01,1333.08,positive,17.1,1498382.0,1396853.0,6
0.0,1.0,0.0,0.0,0.0,12.0,26.2,188.2,18.4,0.0,243.8,0.0,1326487.0,0,Markdown / clear,Promote or discount — 18 weeks of cover vs 8-week horizon,55.6,SKU015,Product 015,Storage,Lamp,187,245,9,119,265,6212.12,5441.06,positive,23.5,1017478.0,1326487.0,7
1.0,0.0,0.99,1.0,1.0,0.0,140.8,706.4,1.4,127.8,0.0,1083202.0,0.0,506,Reorder now,Raise a replenishment order for ~506 units before stock runs out,7.5,SKU017,Product 017,Home Decor,Cabinet,95,26,12,108,274,8477.32,6703.26,positive,88.3,636810.0,1083202.0,8
1.0,0.0,1.0,1.0,1.0,0.0,207.0,995.7,1.1,114.0,0.0,993183.0,0.0,617,Reorder now,Raise a replenishment order for ~617 units before stock runs out,5.2,SKU031,Product 031,Furniture,Chair,93,40,13,28,113,8715.93,6300.65,positive,124.5,585960.0,993183.0,9
0.0,1.0,0.0,0.0,0.0,13.5,23.9,231.7,17.7,0.0,281.3,0.0,406624.0,0,Markdown / clear,Promote or discount — 18 weeks of cover vs 8-week horizon,62.6,SKU004,Product 004,Lighting,Cookware,259,254,6,98,196,6861.57,1445.74,positive,29.0,374447.0,406624.0,10
0.0,1.0,0.0,0.0,0.0,18.1,71.8,311.4,21.9,0.0,541.6,0.0,380120.0,0,Markdown / clear,Promote or discount — 22 weeks of cover vs 8-week horizon,59.0,SKU050,Product 050,Storage,Sofa,328,525,14,69,316,882.72,701.85,positive,38.9,230207.0,380120.0,11
0.0,0.21,0.0,0.0,0.065,6.8,80.5,387.5,9.7,0.0,81.5,0.0,377435.0,0,Healthy,No action needed; leave as is,23.0,SKU038,Product 038,Kitchen,Rug,159,310,12,56,175,3949.1,4630.58,negative,48.4,736262.0,377435.0,12
0.98,0.0,0.98,0.005,1.0,0.3,125.1,1186.4,1.4,35.1,0.0,323079.0,0.0,559,Reorder now,Raise a replenishment order for ~559 units before stock runs out,4.2,SKU042,Product 042,Home Decor,Table,90,120,6,41,88,9198.83,4583.86,positive,148.3,412547.0,323079.0,13
0.0,0.238,0.0,0.0,0.043,7.6,51.1,741.6,9.9,0.0,176.4,0.0,310247.0,0,Healthy,No action needed; leave as is,58.2,SKU001,Product 001,Furniture,Chair,771,147,4,159,289,3664.05,1758.45,positive,92.7,1355765.0,310247.0,14
0.0,0.065,0.0,0.0,0.319,6.5,106.1,1294.5,8.5,0.0,84.5,0.0,174263.0,0,Healthy,No action needed; leave as is,33.7,SKU049,Product 049,Lighting,Organizer,780,599,5,206,344,5223.37,2063.03,positive,161.8,1609163.0,174263.0,15
1.0,0.0,0.999,1.0,1.0,0.0,114.3,780.4,1.0,54.3,0.0,133044.0,0.0,512,Reorder now,Raise a replenishment order for ~512 units before stock runs out,4.8,SKU040,Product 040,Storage,Sofa,67,29,9,36,93,2450.56,5169.07,negative,97.5,346328.0,133044.0,16
1.0,0.0,1.0,0.183,1.0,0.1,91.7,1041.7,1.1,57.7,0.0,87590.0,0.0,536,Reorder now,Raise a replenishment order for ~536 units before stock runs out,1.8,SKU034,Product 034,Lighting,Cookware,34,103,5,34,58,1518.14,1333.43,positive,130.2,45337.0,87590.0,17
1.0,0.0,1.0,0.991,1.0,0.0,196.1,876.0,1.4,113.1,0.0,75057.0,0.0,519,Reorder now,Raise a replenishment order for ~519 units before stock runs out,5.3,SKU010,Product 010,Storage,Sofa,83,70,13,22,60,663.46,3889.06,negative,109.5,322792.0,75057.0,18
0.0,0.037,0.0,0.0,0.395,5.7,86.5,474.5,8.3,0.0,17.5,0.0,66658.0,0,Healthy,No action needed; leave as is,32.8,SKU032,Product 032,Home Decor,Table,278,214,11,60,185,5612.59,3806.6,positive,59.3,1058235.0,66658.0,19
0.0,0.027,0.0,0.0,0.424,6.4,26.7,540.6,8.2,0.0,14.4,0.0,55866.0,0,Healthy,No action needed; leave as is,54.5,SKU002,Product 002,Home Decor,Table,526,29,3,94,149,3805.69,3867.09,negative,67.6,2034089.0,55866.0,20
0.0,0.266,0.0,0.0,0.028,7.2,14.3,285.2,10.1,0.0,75.8,0.0,44709.0,0,Healthy,No action needed; leave as is,68.5,SKU003,Product 003,Kitchen,Cushion,349,12,3,88,123,8078.23,589.48,positive,35.6,205729.0,44709.0,21
0.895,0.0,0.895,0.315,1.0,0.0,157.5,784.6,2.1,27.5,0.0,38906.0,0.0,418,Reorder now,Raise a replenishment order for ~418 units before stock runs out,9.3,SKU023,Product 023,Kitchen,Cushion,130,79,12,41,148,1416.74,2484.54,negative,98.1,322990.0,38906.0,22
0.0,0.0,0.0,0.0,0.805,5.0,87.3,865.2,7.0,0.0,0.0,0.0,0.0,0,Healthy,No action needed; leave as is,30.5,SKU005,Product 005,Storage,Lamp,471,291,6,129,245,9493.22,5543.63,positive,108.1,2611050.0,0.0,23
0.139,0.0,0.139,0.0,1.0,2.3,180.2,1320.3,4.0,0.0,0.0,0.0,0.0,413,Healthy,No action needed; leave as is,8.8,SKU007,Product 007,Home Decor,Cabinet,207,460,8,98,237,5114.09,7748.2,negative,165.0,1603877.0,0.0,24
0.0,0.0,0.0,0.0,0.999,3.4,42.9,823.0,4.7,0.0,0.0,0.0,0.0,107,Healthy,No action needed; leave as is,22.1,SKU008,Product 008,Kitchen,Rug,325,155,3,91,161,9842.64,2775.15,positive,102.9,901924.0,0.0,25
0.065,0.0,0.065,0.0,1.0,0.5,62.1,551.5,2.4,0.0,0.0,0.0,0.0,242,Healthy,No action needed; leave as is,7.6,SKU009,Product 009,Lighting,Organizer,75,89,7,63,131,2336.89,3121.06,negative,68.9,234080.0,0.0,26
0.0,0.0,0.0,0.0,1.0,1.9,48.4,688.8,2.9,0.0,0.0,0.0,0.0,216,Healthy,No action needed; leave as is,12.3,SKU013,Product 013,Kitchen,Cushion,151,95,4,32,61,5757.78,3936.71,positive,86.1,594443.0,0.0,27
0.0,0.0,0.0,0.0,0.998,2.3,190.2,1093.7,4.7,0.0,0.0,0.0,0.0,297,Healthy,No action needed; leave as is,15.8,SKU014,Product 014,Lighting,Cookware,309,334,10,130,299,2270.75,2008.55,positive,136.7,620642.0,0.0,28
0.0,0.0,0.0,0.0,0.994,3.3,126.7,678.4,5.2,0.0,0.0,0.0,0.0,90,Healthy,No action needed; leave as is,21.1,SKU016,Product 016,Furniture,Shelf,255,187,11,30,129,2166.82,3637.93,negative,84.8,927672.0,0.0,29
0.027,0.0,0.027,0.0,1.0,0.5,185.8,1304.5,2.1,0.0,0.0,0.0,0.0,700,Healthy,No action needed; leave as is,10.1,SKU018,Product 018,Kitchen,Rug,235,102,8,66,184,5575.41,5677.05,negative,163.1,1334107.0,0.0,30
0.195,0.0,0.195,0.0,1.0,1.1,202.7,822.3,3.3,0.0,0.0,0.0,0.0,291,Healthy,No action needed; leave as is,15.5,SKU019,Product 019,Lighting,Organizer,227,114,14,25,126,4819.85,2670.84,positive,102.8,606281.0,0.0,31
0.005,0.0,0.005,0.0,1.0,1.4,64.9,438.2,3.4,0.0,0.0,0.0,0.0,168,Healthy,No action needed; leave as is,11.2,SKU021,Product 021,Furniture,Chair,88,97,9,36,88,7711.28,6486.92,positive,54.8,570849.0,0.0,32
0.005,0.0,0.005,0.0,1.0,2.0,70.4,546.6,4.2,0.0,0.0,0.0,0.0,182,Healthy,No action needed; leave as is,9.7,SKU022,Product 022,Home Decor,Table,95,194,8,76,163,4597.03,3252.96,positive,68.3,309031.0,0.0,33
0.0,0.0,0.0,0.0,0.999,1.6,160.1,657.0,4.4,0.0,0.0,0.0,0.0,194,Healthy,No action needed; leave as is,29.1,SKU024,Product 024,Lighting,Cookware,341,18,14,60,259,1768.87,5539.34,negative,82.1,1888915.0,0.0,34
0.0,0.0,0.0,0.0,1.0,0.7,103.8,1158.5,1.6,0.0,0.0,0.0,0.0,512,Healthy,No action needed; leave as is,7.7,SKU026,Product 026,Furniture,Shelf,160,70,5,31,59,10939.54,1799.29,positive,144.8,287886.0,0.0,35
0.0,0.0,0.0,0.0,1.0,3.1,64.9,1314.4,4.1,0.0,0.0,0.0,0.0,207,Healthy,No action needed; leave as is,24.2,SKU027,Product 027,Home Decor,Cabinet,567,103,3,83,133,8516.6,307.06,positive,164.3,174103.0,0.0,36
0.0,0.0,0.0,0.0,0.948,1.5,55.7,295.9,6.2,0.0,0.0,0.0,0.0,108,Healthy,No action needed; leave as is,32.9,SKU028,Product 028,Kitchen,Rug,174,55,11,114,337,3484.09,6348.66,negative,37.0,1104667.0,0.0,37
0.0,0.0,0.0,0.0,0.695,4.9,70.1,840.6,7.4,0.0,0.0,0.0,0.0,0,Healthy,No action needed; leave as is,17.4,SKU029,Product 029,Lighting,Organizer,261,520,5,196,329,11642.45,5402.59,positive,105.1,1410076.0,0.0,38
0.0,0.0,0.0,0.0,0.936,3.7,41.3,251.1,6.3,0.0,0.0,0.0,0.0,30,Healthy,No action needed; leave as is,37.0,SKU030,Product 030,Storage,Sofa,166,32,9,43,104,9433.51,5715.03,positive,31.4,948695.0,0.0,39
0.422,0.0,0.422,0.0,1.0,0.9,202.5,975.8,3.1,0.0,0.0,0.0,0.0,391,Healthy,No action needed; leave as is,11.9,SKU033,Product 033,Kitchen,Cushion,208,168,12,55,183,3558.0,4657.74,negative,122.0,968810.0,0.0,40
0.0,0.0,0.0,0.0,0.99,3.3,155.1,1100.9,5.4,0.0,0.0,0.0,0.0,214,Healthy,No action needed; leave as is,34.1,SKU035,Product 035,Storage,Lamp,670,76,8,137,304,10870.19,1137.61,positive,137.6,762199.0,0.0,41
0.0,0.0,0.0,0.0,0.904,3.4,183.0,1272.4,6.6,0.0,0.0,0.0,0.0,223,Healthy,No action needed; leave as is,15.6,SKU037,Product 037,Home Decor,Cabinet,355,687,8,315,644,2747.42,3901.0,negative,159.0,1384855.0,0.0,42
0.0,0.0,0.0,0.0,0.867,5.4,6.5,151.5,6.8,0.0,0.0,0.0,0.0,0,Healthy,No action needed; leave as is,34.4,SKU039,Product 039,Lighting,Organizer,93,35,3,17,31,7118.95,6178.74,positive,18.9,574623.0,0.0,43
0.0,0.0,0.0,0.0,0.938,4.7,39.5,610.1,6.3,0.0,0.0,0.0,0.0,0,Healthy,No action needed; leave as is,40.4,SKU041,Product 041,Furniture,Chair,440,40,4,78,139,10336.73,4540.24,positive,76.3,1997706.0,0.0,44
0.0,0.0,0.0,0.0,0.995,2.5,232.8,1199.4,5.1,0.0,0.0,0.0,0.0,252,Healthy,No action needed; leave as is,26.1,SKU043,Product 043,Kitchen,Cushion,559,211,12,142,393,8745.77,2605.61,positive,149.9,1456536.0,0.0,45
0.0,0.0,0.0,0.0,1.0,2.6,37.6,496.5,4.2,0.0,0.0,0.0,0.0,73,Healthy,No action needed; leave as is,25.2,SKU044,Product 044,Lighting,Cookware,223,39,5,55,93,5412.28,488.84,positive,62.1,109011.0,0.0,46
0.0,0.0,0.0,0.0,1.0,1.7,89.6,1288.8,2.8,0.0,0.0,0.0,0.0,445,Healthy,No action needed; leave as is,13.3,SKU045,Product 045,Storage,Lamp,307,142,4,88,142,7676.78,3634.56,positive,161.1,1115810.0,0.0,47
0.0,0.0,0.0,0.0,0.998,3.5,32.1,496.0,4.9,0.0,0.0,0.0,0.0,43,Healthy,No action needed; leave as is,13.4,SKU046,Product 046,Furniture,Shelf,119,182,4,46,96,7175.54,1913.03,positive,62.0,227651.0,0.0,48
0.0,0.0,0.0,0.0,1.0,1.9,107.7,725.6,3.6,0.0,0.0,0.0,0.0,254,Healthy,No action needed; leave as is,15.5,SKU047,Product 047,Home Decor,Cabinet,201,129,9,44,99,7938.22,3416.1,positive,90.7,686636.0,0.0,49
0.0,0.0,0.0,0.0,1.0,2.1,21.4,432.3,2.9,0.0,0.0,0.0,0.0,123,Healthy,No action needed; leave as is,13.7,SKU048,Product 048,Kitchen,Rug,106,50,3,22,31,1379.55,6863.87,negative,54.0,727570.0,0.0,50
